,mean_fit_time,std_fit_time,mean_score_time,std_score_time,param_colsample_bytree,param_max_depth,param_n_estimators,param_reg_alpha,param_silent,param_subsample,params,split0_test_score,split1_test_score,split2_test_score,split3_test_score,split4_test_score,split5_test_score,split6_test_score,split7_test_score,split8_test_score,split9_test_score,split10_test_score,split11_test_score,split12_test_score,split13_test_score,split14_test_score,split15_test_score,split16_test_score,split17_test_score,split18_test_score,split19_test_score,mean_test_score,std_test_score,rank_test_score,split0_train_score,split1_train_score,split2_train_score,split3_train_score,split4_train_score,split5_train_score,split6_train_score,split7_train_score,split8_train_score,split9_train_score,split10_train_score,split11_train_score,split12_train_score,split13_train_score,split14_train_score,split15_train_score,split16_train_score,split17_train_score,split18_train_score,split19_train_score,mean_train_score,std_train_score
18,11.379221260547638,0.07790604758493744,0.043974661827087404,0.0010115351535161556,0.45,10,500,0.025,1,0.95,"{'colsample_bytree': 0.45, 'max_depth': 10, 'n_estimators': 500, 'reg_alpha': 0.025, 'silent': 1, 'subsample': 0.95}",0.9013385146804835,0.9013655008635578,0.8810718911917099,0.8622085492227979,0.8356001727115717,0.9046038428324698,0.9103653929188256,0.9048467184801381,0.8622257744460368,0.9226105170323007,0.9194135155991622,0.8536269430051814,0.9150038584500055,0.8324468085106382,0.8923216844890309,0.9178464000883075,0.8923476005188068,0.899715760134669,0.9044898860280929,0.9088224742666335,0.8911077816725959,0.026739681893940367,1,1.0,1.0,1.0,1.0,1.0,1.0,1.0,1.0,1.0,1.0,1.0,1.0,1.0,1.0,1.0,1.0,1.0,1.0,1.0,1.0,1.0,0.0
10,10.178832614421845,0.08211188012864924,0.03975081443786621,0.0003074715361510795,0.45,9,500,0.03,1,0.95,"{'colsample_bytree': 0.45, 'max_depth': 9, 'n_estimators': 500, 'reg_alpha': 0.03, 'silent': 1, 'subsample': 0.95}",0.899449481865285,0.9057642487046632,0.8780764248704663,0.8613314982728842,0.830769645941278,0.8998407815198618,0.9073294473229707,0.8917314335060449,0.8488590012126557,0.9339102634770147,0.9151692205930989,0.8530206151471723,0.9032080255760114,0.8351063829787234,0.8967589019953699,0.9113613157822115,0.9027237354085603,0.9164114027099373,0.902116621133096,0.9140657339183708,0.8903414538947916,0.028377512262276944,2,1.0,1.0,1.0,1.0,1.0,1.0,1.0,1.0,1.0,1.0,1.0,1.0,1.0,1.0,1.0,1.0,1.0,1.0,1.0,1.0,1.0,0.0
9,10.19482855796814,0.10132499385763026,0.03980706930160523,0.0007647084108676466,0.45,9,500,0.025,1,0.95,"{'colsample_bytree': 0.45, 'max_depth': 9, 'n_estimators': 500, 'reg_alpha': 0.025, 'silent': 1, 'subsample': 0.95}",0.8915155440414508,0.903821243523316,0.882205310880829,0.8660405872193436,0.8350604490500864,0.9032815198618307,0.9083549222797928,0.8911107512953368,0.8578712380112445,0.9279021056112888,0.9180906184544152,0.8647613273068019,0.9018024473597178,0.8341968911917098,0.884494543049278,0.9031100808565831,0.897176918619091,0.9124375638159893,0.8974252835499628,0.9217926428788256,0.890115218623709,0.025819257835636256,3,1.0,1.0,1.0,1.0,1.0,1.0,1.0,1.0,1.0,1.0,1.0,1.0,1.0,1.0,1.0,1.0,1.0,1.0,1.0,1.0,1.0,0.0
11,10.164265894889832,0.04189512256227818,0.03998055458068848,0.0004599186247229171,0.45,9,500,0.035,1,0.95,"{'colsample_bytree': 0.45, 'max_depth': 9, 'n_estimators': 500, 'reg_alpha': 0.035, 'silent': 1, 'subsample': 0.95}",0.9047387737478412,0.9153173575129534,0.8775906735751295,0.8531951640759932,0.838271804835924,0.9040641191709845,0.9048737046632124,0.8935125215889465,0.8581192812258847,0.9245673023922389,0.9127439091610626,0.8669937162385625,0.90640502700915,0.8287675008268107,0.8833370080476243,0.9187294753980738,0.8995225874106576,0.9090432430940751,0.8881805889008472,0.9047934431658251,0.8896324014681946,0.02673494344601897,4,1.0,1.0,1.0,1.0,1.0,1.0,1.0,1.0,1.0,1.0,1.0,1.0,1.0,1.0,1.0,1.0,1.0,1.0,1.0,1.0,1.0,0.0
19,11.33741374015808,0.0686634556864959,0.04364833831787109,0.0007021733950856803,0.45,10,500,0.03,1,0.95,"{'colsample_bytree': 0.45, 'max_depth': 10, 'n_estimators': 500, 'reg_alpha': 0.03, 'silent': 1, 'subsample': 0.95}",0.8974525043177894,0.9035513816925733,0.8811258635578584,0.8579447322970639,0.8401338514680484,0.8989097582037997,0.9104598445595855,0.8937823834196891,0.854302171756146,0.9191103516701575,0.9113107705875868,0.8515047955021496,0.9061018630801455,0.8315786572593982,0.8941406680630581,0.9150315975384276,0.8982531666528687,0.9081325716808787,0.8969561497916494,0.9209371636724895,0.8895284094351418,0.02656729094112028,5,1.0,1.0,1.0,1.0,1.0,1.0,1.0,1.0,1.0,1.0,1.0,1.0,1.0,1.0,1.0,1.0,1.0,1.0,1.0,1.0,1.0,0.0
47,13.469951403141021,0.44324820767632017,0.047306597232818604,0.008166977510930753,0.5,10,500,0.035,1,0.95,"{'colsample_bytree': 0.5, 'max_depth': 10, 'n_estimators': 500, 'reg_alpha': 0.035, 'silent': 1, 'subsample': 0.95}",0.8883581606217616,0.9057102763385146,0.8750269861830743,0.8551651554404145,0.8436960276338514,0.8908543825561313,0.9065468480138169,0.9018512521588946,0.8614403042663433,0.9279572263256533,0.9139014441627163,0.8496582515709403,0.9049718884356741,0.8268933965384191,0.8878293462683277,0.9192262052598174,0.8976184562739742,0.9012887380301902,0.9100918950244226,0.9135138118497669,0.8890713491638145,0.02728704786617638,6,1.0,1.0,1.0,1.0,1.0,1.0,1.0,1.0,1.0,1.0,1.0,1.0,1.0,1.0,1.0,1.0,1.0,1.0,1.0,1.0,1.0,0.0
0,8.898197257518769,0.0598289307921304,0.04281003475189209,0.007303911628973902,0.45,8,500,0.025,1,0.95,"{'colsample_bytree': 0.45, 'max_depth': 8, 'n_estimators': 500, 'reg_alpha': 0.025, 'silent': 1, 'subsample': 0.95}",0.8920552677029361,0.9089486183074266,0.881692573402418,0.8564874784110537,0.8306077288428325,0.8913536269430052,0.9068167098445596,0.8917044473229705,0.8610682394443832,0.926965053467093,0.9197718002425311,0.8597177819424541,0.909519347370742,0.8342795722632566,0.8844394223349135,0.9116372768165135,0.9046002704418136,0.9079669950602975,0.8886773187625908,0.9123823716091288,0.8890264950713879,0.026817793843594735,7,1.0,1.0,1.0,1.0,1.0,1.0,1.0,1.0,1.0,1.0,1.0,1.0,1.0,1.0,1.0,1.0,1.0,1.0,1.0,1.0,1.0,0.0
21,21.497720670700073,0.21748026659906722,0.08301515579223633,0.0038926106678359783,0.45,10,1000,0.025,1,0.95,"{'colsample_bytree': 0.45, 'max_depth': 10, 'n_estimators': 1000, 'reg_alpha': 0.025, 'silent': 1, 'subsample': 0.95}",0.8966564119170984,0.9013655008635578,0.8785082037996546,0.8613449913644214,0.8347636010362695,0.8963190846286702,0.9063444516407599,0.9012575561312608,0.8580779406901113,0.9219628486385183,0.921563223459376,0.8537371844339103,0.9104012788005733,0.8221116745673024,0.892073641274391,0.9195297623975495,0.89422413555206,0.8936860115351714,0.9076496398708502,0.9078704086982917,0.8889654608043621,0.02784468621453161,8,1.0,1.0,1.0,1.0,1.0,1.0,1.0,1.0,1.0,1.0,1.0,1.0,1.0,1.0,1.0,1.0,1.0,1.0,1.0,1.0,1.0,0.0
20,11.34682446718216,0.07714003493783378,0.04387552738189697,0.0008717484288708258,0.45,10,500,0.035,1,0.95,"{'colsample_bytree': 0.45, 'max_depth': 10, 'n_estimators': 500, 'reg_alpha': 0.035, 'silent': 1, 'subsample': 0.95}",0.9025259067357513,0.9100280656303972,0.8686852331606219,0.8538698186528496,0.8327396373056996,0.898019214162349,0.904630829015544,0.8975604490500865,0.852731231396759,0.9215907838165582,0.913488038804983,0.8616056664094367,0.9077830448682616,0.8251846543931209,0.8818211884026017,0.9218754311891161,0.900709219858156,0.9095399729558187,0.8952727874824076,0.918619090984353,0.8889051809248834,0.028807788955877937,9,1.0,1.0,1.0,1.0,1.0,1.0,1.0,1.0,1.0,1.0,1.0,1.0,1.0,1.0,1.0,1.0,1.0,1.0,1.0,1.0,1.0,0.0
45,13.50502804517746,0.4795662122024497,0.045317995548248294,0.0025086919666868265,0.5,10,500,0.025,1,0.95,"{'colsample_bytree': 0.5, 'max_depth': 10, 'n_estimators': 500, 'reg_alpha': 0.025, 'silent': 1, 'subsample': 0.95}",0.8882232297063903,0.9015274179620035,0.8786971070811744,0.8598607512953369,0.8370574265975821,0.8985589378238342,0.9091105354058722,0.8896534974093263,0.8528828133612613,0.9221971116745673,0.9155550655936502,0.8540127880057325,0.903015103075736,0.8359331936941903,0.887278139124683,0.9126583326434308,0.9000469133758314,0.901123161409609,0.9082153599911693,0.9157766923310428,0.888560582217369,0.026047855958698928,10,1.0,1.0,1.0,1.0,1.0,1.0,1.0,1.0,1.0,1.0,1.0,1.0,1.0,1.0,1.0,1.0,1.0,1.0,1.0,1.0,1.0,0.0
12,19.76460577249527,0.15816630831444184,0.07776210308074952,0.0030389997656390935,0.45,9,1000,0.025,1,0.95,"{'colsample_bytree': 0.45, 'max_depth': 9, 'n_estimators': 1000, 'reg_alpha': 0.025, 'silent': 1, 'subsample': 0.95}",0.8883041882556131,0.9055483592400692,0.8804647020725388,0.8602385578583766,0.8310934801381692,0.8949292962003453,0.9039291882556131,0.8915560233160622,0.8542332708631905,0.9246499834637857,0.9191103516701576,0.8604756917649653,0.9035387498621982,0.8243165031418807,0.8906680630580973,0.9092226177663714,0.8996053757209483,0.9063940171647763,0.9037309931837625,0.9147280404006954,0.8883281668243759,0.027463669613616758,11,1.0,1.0,1.0,1.0,1.0,1.0,1.0,1.0,1.0,1.0,1.0,1.0,1.0,1.0,1.0,1.0,1.0,1.0,1.0,1.0,1.0,0.0
2,9.014812862873077,0.0926693653048092,0.03715822696685791,0.0017860643648500453,0.45,8,500,0.035,1,0.95,"{'colsample_bytree': 0.45, 'max_depth': 8, 'n_estimators': 500, 'reg_alpha': 0.035, 'silent': 1, 'subsample': 0.95}",0.9039291882556131,0.905224525043178,0.8846610535405873,0.8675787996545768,0.8210411269430051,0.8972636010362695,0.9100280656303973,0.8898963730569948,0.8485833976408335,0.9253114320361593,0.9118895380884137,0.8556112887223017,0.9023812148605447,0.8376694961966707,0.8891660235916657,0.9135138118497668,0.8980875900322874,0.9063940171647763,0.8821646383530646,0.9159974611584845,0.8883134370819346,0.027615998388042667,12,1.0,1.0,1.0,1.0,1.0,1.0,1.0,1.0,1.0,1.0,1.0,1.0,1.0,1.0,1.0,1.0,1.0,1.0,1.0,1.0,1.0,0.0
24,30.211548793315888,0.1795592701876771,0.13189672231674193,0.011709832099488083,0.45,10,1500,0.025,1,0.95,"{'colsample_bytree': 0.45, 'max_depth': 10, 'n_estimators': 1500, 'reg_alpha': 0.025, 'silent': 1, 'subsample': 0.95}",0.894268134715026,0.9008527633851469,0.8769160189982729,0.8607782815198618,0.8342238773747841,0.892352115716753,0.9034434369602763,0.8989502374784111,0.8576920956895602,0.9240987763201411,0.9247877852496968,0.8538474258626392,0.9101394554073421,0.8193556388490795,0.8925972880608533,0.9192675994149626,0.8942793277589205,0.8935756271214506,0.9060076717167536,0.9081877638877391,0.8882734742827717,0.028355803917294867,13,1.0,1.0,1.0,1.0,1.0,1.0,1.0,1.0,1.0,1.0,1.0,1.0,1.0,1.0,1.0,1.0,1.0,1.0,1.0,1.0,1.0,0.0
13,19.778370022773743,0.13837181787883296,0.08037706613540649,0.005860740348156232,0.45,9,1000,0.03,1,0.95,"{'colsample_bytree': 0.45, 'max_depth': 9, 'n_estimators': 1000, 'reg_alpha': 0.03, 'silent': 1, 'subsample': 0.95}",0.8962786053540587,0.9053864421416234,0.8748515759930916,0.8560017271157166,0.8341968911917098,0.8904360967184802,0.9061285621761658,0.8888439119170986,0.8499062947855804,0.9271028552530042,0.9175394113107705,0.8490794840701136,0.9034836291478339,0.8237652959982362,0.8962765957446808,0.9166597676408091,0.8993708088417915,0.9098435300935508,0.9060352678201838,0.911002566437619,0.8880999978483036,0.029052999078035248,14,1.0,1.0,1.0,1.0,1.0,1.0,1.0,1.0,1.0,1.0,1.0,1.0,1.0,1.0,1.0,1.0,1.0,1.0,1.0,1.0,1.0,0.0
14,19.873232316970824,0.20100855463412842,0.08075904846191406,0.006168623764970491,0.45,9,1000,0.035,1,0.95,"{'colsample_bytree': 0.45, 'max_depth': 9, 'n_estimators': 1000, 'reg_alpha': 0.035, 'silent': 1, 'subsample': 0.95}",0.8994629749568221,0.9129695595854923,0.8768080742659758,0.849039291882556,0.8382178324697754,0.8939443005181348,0.90036701208981,0.8917584196891193,0.8543710726491016,0.922748318818212,0.9124958659464227,0.8605721530151031,0.907727924153897,0.8241787013559696,0.8835023701907178,0.9235311973949278,0.900571239341005,0.9054281535447195,0.896197256947319,0.907608245715705,0.8880667583667966,0.02777458833084932,15,1.0,1.0,1.0,1.0,1.0,1.0,1.0,1.0,1.0,1.0,1.0,1.0,1.0,1.0,1.0,1.0,1.0,1.0,1.0,1.0,1.0,0.0
3,17.731526243686677,0.15704145898115796,0.08560652732849121,0.017731612695731293,0.45,8,1000,0.025,1,0.95,"{'colsample_bytree': 0.45, 'max_depth': 8, 'n_estimators': 1000, 'reg_alpha': 0.025, 'silent': 1, 'subsample': 0.95}",0.8933910837651122,0.9078151986183074,0.878346286701209,0.8488503886010363,0.8319975172711572,0.8836085924006909,0.9081660189982729,0.8939577936096718,0.8548395987211994,0.9255594752507993,0.9222522323889318,0.8607926358725609,0.9088303384411862,0.8273619226105171,0.8850733105501047,0.9175428429505754,0.9004884510307145,0.9060904600270442,0.894500096586362,0.9117752573336645,0.8880529138551049,0.028419664407750584,16,1.0,1.0,1.0,1.0,1.0,1.0,1.0,1.0,1.0,1.0,1.0,1.0,1.0,1.0,1.0,1.0,1.0,1.0,1.0,1.0,1.0,0.0
72,13.728265798091888,0.1439622230555142,0.04459435939788818,0.0016259536688008295,0.55,10,500,0.025,1,0.95,"{'colsample_bytree': 0.55, 'max_depth': 10, 'n_estimators': 500, 'reg_alpha': 0.025, 'silent': 1, 'subsample': 0.95}",0.8885200777202072,0.9013655008635578,0.8710330310880828,0.8587273316062176,0.8397425518134715,0.887170768566494,0.8961841537132987,0.9005829015544041,0.8672141990960203,0.9194686363135266,0.9202127659574468,0.8574302722963288,0.9046136037923052,0.8268107154668725,0.883061404475802,0.9152247702624389,0.9048210392692552,0.9033584457874548,0.8973700913431024,0.9128928995225875,0.8877808756349574,0.025771971654123548,17,1.0,1.0,1.0,1.0,1.0,1.0,1.0,1.0,1.0,1.0,1.0,1.0,1.0,1.0,1.0,1.0,1.0,1.0,1.0,1.0,1.0,0.0
22,21.852258503437042,0.5075365661042327,0.08374311923980712,0.004107171087842215,0.45,10,1000,0.03,1,0.95,"{'colsample_bytree': 0.45, 'max_depth': 10, 'n_estimators': 1000, 'reg_alpha': 0.03, 'silent': 1, 'subsample': 0.95}",0.8915290371329879,0.9044689119170984,0.8785756692573402,0.8513196243523315,0.8406735751295336,0.8944570379965457,0.9082064982728842,0.8923251295336787,0.8513532135376474,0.9175945320251351,0.9122753830889648,0.8555423878293462,0.9054541946863632,0.8192178370631683,0.8961525741373608,0.9183017357949057,0.8950934128101112,0.9024753704776887,0.901123161409609,0.9177912078814472,0.8876882039586698,0.027951566115224567,18,1.0,1.0,1.0,1.0,1.0,1.0,1.0,1.0,1.0,1.0,1.0,1.0,1.0,1.0,1.0,1.0,1.0,1.0,1.0,1.0,1.0,0.0
29,10.217942774295807,0.12329837298783958,0.036570847034454346,0.0006265571394406554,0.5,8,500,0.035,1,0.95,"{'colsample_bytree': 0.5, 'max_depth': 8, 'n_estimators': 500, 'reg_alpha': 0.035, 'silent': 1, 'subsample': 0.95}",0.893161701208981,0.9125107944732297,0.8740284974093264,0.862127590673575,0.831471286701209,0.8996923575129534,0.903821243523316,0.8864961139896373,0.8530206151471723,0.9215356631021938,0.9093539852276485,0.8525245287178921,0.9055782162936832,0.8337972660125674,0.882344835189064,0.9183431299500511,0.8985291276871705,0.9090570411457902,0.894638077103513,0.9058144989927422,0.8873846834274037,0.026691345230154245,19,1.0,1.0,1.0,1.0,1.0,1.0,1.0,1.0,1.0,1.0,1.0,1.0,1.0,1.0,1.0,1.0,1.0,1.0,1.0,1.0,1.0,0.0
46,13.150852334499358,0.28419667140489385,0.046466052532196045,0.005940580840387123,0.5,10,500,0.03,1,0.95,"{'colsample_bytree': 0.5, 'max_depth': 10, 'n_estimators': 500, 'reg_alpha': 0.03, 'silent': 1, 'subsample': 0.95}",0.8883041882556131,0.904927677029361,0.872355354058722,0.8480138169257341,0.8442357512953367,0.8881422711571676,0.9054943868739206,0.8969667530224524,0.8609717781942453,0.9265792084665418,0.9228861206041231,0.8486936390695624,0.9006035718222909,0.8215191268878844,0.877411531253445,0.9231448519469051,0.9003780666169936,0.9065871898887877,0.8994397991003671,0.90973314567983,0.8873100845998687,0.02866247103945958,20,1.0,1.0,1.0,1.0,1.0,1.0,1.0,1.0,1.0,1.0,1.0,1.0,1.0,1.0,1.0,1.0,1.0,1.0,1.0,1.0,1.0,0.0
38,11.563013315200806,0.05072768750276695,0.03995466232299805,0.0004552725534064878,0.5,9,500,0.035,1,0.95,"{'colsample_bytree': 0.5, 'max_depth': 9, 'n_estimators': 500, 'reg_alpha': 0.035, 'silent': 1, 'subsample': 0.95}",0.8949697754749567,0.9015004317789291,0.8785351899827288,0.8721799438687392,0.8361129101899827,0.8925410189982729,0.9013924870466322,0.8893026770293609,0.8511740712159629,0.9246224231066036,0.9112280895160401,0.8571822290816888,0.9014441627163489,0.8296907727924154,0.8925421673464888,0.9174324585368546,0.8988878770317631,0.8925407732428181,0.8963766316196153,0.9063112288544857,0.8872918403270961,0.025153207843079284,21,1.0,1.0,1.0,1.0,1.0,1.0,1.0,1.0,1.0,1.0,1.0,1.0,1.0,1.0,1.0,1.0,1.0,1.0,1.0,1.0,1.0,0.0
17,28.729919242858887,0.298781034509119,0.11459267139434814,0.007243400762706622,0.45,9,1500,0.035,1,0.95,"{'colsample_bytree': 0.45, 'max_depth': 9, 'n_estimators': 1500, 'reg_alpha': 0.035, 'silent': 1, 'subsample': 0.95}",0.8969127806563039,0.9116202504317789,0.8749730138169256,0.8469613557858375,0.8404846718480138,0.8922576640759932,0.899152633851468,0.8910162996545768,0.8520835630029765,0.9217837063168339,0.9123442839819205,0.8596902215852716,0.9079346268327637,0.8196174622423108,0.8861481644802116,0.9230896597400448,0.9002400860998427,0.9028617159257113,0.8967353809642079,0.9095123768523885,0.8872623971440888,0.028225501575561203,22,1.0,1.0,1.0,1.0,1.0,1.0,1.0,1.0,1.0,1.0,1.0,1.0,1.0,1.0,1.0,1.0,1.0,1.0,1.0,1.0,1.0,0.0
15,28.635007154941558,0.3142620006630199,0.1216317892074585,0.014427160113724967,0.45,9,1500,0.025,1,0.95,"{'colsample_bytree': 0.45, 'max_depth': 9, 'n_estimators': 1500, 'reg_alpha': 0.025, 'silent': 1, 'subsample': 0.95}",0.8876835060449051,0.9055078799654577,0.8792098445595855,0.8596043825561313,0.8288941062176167,0.8932696459412781,0.9037942573402419,0.8900717832469777,0.8517390585381986,0.9262898247161284,0.920598610957998,0.859469738727814,0.9046962848638518,0.8195485613493552,0.8889868812699813,0.9097745398349752,0.8983635510665894,0.9022959958053923,0.9029996964428623,0.9111681430582003,0.8871898814038981,0.02839360516718731,23,1.0,1.0,1.0,1.0,1.0,1.0,1.0,1.0,1.0,1.0,1.0,1.0,1.0,1.0,1.0,1.0,1.0,1.0,1.0,1.0,1.0,0.0
50,24.528966760635377,0.5916857181317803,0.09813051223754883,0.02441231778625972,0.5,10,1000,0.035,1,0.95,"{'colsample_bytree': 0.5, 'max_depth': 10, 'n_estimators': 1000, 'reg_alpha': 0.035, 'silent': 1, 'subsample': 0.95}",0.884337219343696,0.9062230138169257,0.8745142487046632,0.850847366148532,0.8424681563039724,0.8844721502590673,0.9031465889464594,0.8956714162348878,0.8550049608642928,0.9230514827472165,0.9201576452430823,0.8527174512181678,0.9017473266453534,0.8162688788446698,0.8889593209127991,0.921295913017082,0.8976322543256892,0.9004332588238539,0.9123823716091288,0.9125755443331401,0.8871853042965454,0.028942409687661205,24,1.0,1.0,1.0,1.0,1.0,1.0,1.0,1.0,1.0,1.0,1.0,1.0,1.0,1.0,1.0,1.0,1.0,1.0,1.0,1.0,1.0,0.0
74,13.833287489414214,0.25657915895851924,0.04432069063186646,0.0013766523013249983,0.55,10,500,0.035,1,0.95,"{'colsample_bytree': 0.55, 'max_depth': 10, 'n_estimators': 500, 'reg_alpha': 0.035, 'silent': 1, 'subsample': 0.95}",0.8935664939550951,0.9169365284974094,0.8726117227979274,0.8679566062176166,0.8385416666666666,0.8875215889464594,0.8956309369602764,0.8827990069084629,0.8577058758681513,0.9197993605997135,0.9145077720207253,0.8479495094256422,0.9071215962958881,0.8295529710065043,0.887388380553412,0.9106990092998869,0.9054833457515798,0.8996881640312389,0.8993570107900765,0.9088224742666335,0.8871740640682799,0.026041516703290583,25,1.0,1.0,1.0,1.0,1.0,1.0,1.0,1.0,1.0,1.0,1.0,1.0,1.0,1.0,1.0,1.0,1.0,1.0,1.0,1.0,1.0,0.0
1,8.959874272346497,0.09821291045035008,0.04125645160675049,0.00539967018196323,0.45,8,500,0.03,1,0.95,"{'colsample_bytree': 0.45, 'max_depth': 8, 'n_estimators': 500, 'reg_alpha': 0.03, 'silent': 1, 'subsample': 0.95}",0.900070164075993,0.9094343696027634,0.8801003886010362,0.8597528065630397,0.8107863773747841,0.8959682642487047,0.9083819084628669,0.8891407599309155,0.8651747326645353,0.9212324991731893,0.9202127659574467,0.8482113328188734,0.9008102745011575,0.8354371072649102,0.8773564105390806,0.9124927560228496,0.9080221872671579,0.8968457653779286,0.8804260838369622,0.9225929298783012,0.8871146743847622,0.02959308490901315,26,1.0,1.0,1.0,1.0,1.0,1.0,1.0,1.0,1.0,1.0,1.0,1.0,1.0,1.0,1.0,1.0,1.0,1.0,1.0,1.0,1.0,0.0
16,28.518330907821657,0.17371674967274883,0.11937137842178344,0.010534221106188854,0.45,9,1500,0.03,1,0.95,"{'colsample_bytree': 0.45, 'max_depth': 9, 'n_estimators': 1500, 'reg_alpha': 0.03, 'silent': 1, 'subsample': 0.95}",0.8932156735751295,0.903915695164076,0.8725442573402418,0.8538023531951641,0.8342913428324698,0.8879398747841106,0.90413158462867,0.888182750431779,0.8507331055010473,0.9262760445375373,0.9181181788115974,0.8491208246058869,0.9041312975416161,0.8214364458163379,0.8971171866387389,0.9182879377431906,0.8976322543256893,0.9053315671827138,0.9060352678201838,0.909457184645528,0.8870752766119097,0.029120192703183063,27,1.0,1.0,1.0,1.0,1.0,1.0,1.0,1.0,1.0,1.0,1.0,1.0,1.0,1.0,1.0,1.0,1.0,1.0,1.0,1.0,1.0,0.0
25,30.563481545448305,0.46382647008842026,0.1354809045791626,0.023549599147529854,0.45,10,1500,0.03,1,0.95,"{'colsample_bytree': 0.45, 'max_depth': 10, 'n_estimators': 1500, 'reg_alpha': 0.03, 'silent': 1, 'subsample': 0.95}",0.8908139032815199,0.9045768566493956,0.8756341753022452,0.8484590889464594,0.8418339810017271,0.8942951208981003,0.9045093911917098,0.8939982728842831,0.8516150369308786,0.9185591445265131,0.9120686804100983,0.8531446367544923,0.9058676000440965,0.8165720427736743,0.8962490353874987,0.9184259182603417,0.8964042277230455,0.9002952783067031,0.9007644120650165,0.9166873637442393,0.8870301890026396,0.028402713576951222,28,1.0,1.0,1.0,1.0,1.0,1.0,1.0,1.0,1.0,1.0,1.0,1.0,1.0,1.0,1.0,1.0,1.0,1.0,1.0,1.0,1.0,0.0
28,10.208219861984253,0.07455839627209784,0.0366141676902771,0.0009190556482585704,0.5,8,500,0.03,1,0.95,"{'colsample_bytree': 0.5, 'max_depth': 8, 'n_estimators': 500, 'reg_alpha': 0.03, 'silent': 1, 'subsample': 0.95}",0.888088298791019,0.9104868307426597,0.8723283678756476,0.8591591105354058,0.8354652417962004,0.8833387305699483,0.8997463298791019,0.8905170552677029,0.852634770146621,0.9291974423988536,0.9129092713041561,0.8508709072869584,0.9033458273619226,0.837090728695844,0.8848252673354647,0.9235863896017883,0.9062560366476253,0.8970941303088005,0.88856693434887,0.9140657339183706,0.8869694304634343,0.027050061514031176,29,1.0,1.0,1.0,1.0,1.0,1.0,1.0,1.0,1.0,1.0,1.0,1.0,1.0,1.0,1.0,1.0,1.0,1.0,1.0,1.0,1.0,0.0
27,10.229444444179535,0.08057070802492915,0.03702331781387329,0.0010444322732847298,0.5,8,500,0.025,1,0.95,"{'colsample_bytree': 0.5, 'max_depth': 8, 'n_estimators': 500, 'reg_alpha': 0.025, 'silent': 1, 'subsample': 0.95}",0.8865770725388601,0.9041450777202072,0.8769430051813472,0.8596988341968912,0.831174438687392,0.8975874352331606,0.9007718048359241,0.8862127590673575,0.862721860875317,0.9218663873883806,0.9182146400617353,0.8436225333480322,0.9014166023591665,0.8357127108367325,0.8837228530481754,0.9162182299859261,0.9015233049093467,0.903524022408036,0.8929547147942711,0.9137621767806385,0.8869096342675324,0.026607443675201826,30,1.0,1.0,1.0,1.0,1.0,1.0,1.0,1.0,1.0,1.0,1.0,1.0,1.0,1.0,1.0,1.0,1.0,1.0,1.0,1.0,1.0,0.0
23,21.517502772808076,0.17031744842111246,0.08221722841262817,0.0033451206527972195,0.45,10,1000,0.035,1,0.95,"{'colsample_bytree': 0.45, 'max_depth': 10, 'n_estimators': 1000, 'reg_alpha': 0.035, 'silent': 1, 'subsample': 0.95}",0.8985184585492227,0.9050626079447324,0.8706012521588946,0.850644969775475,0.8325507340241797,0.8905980138169257,0.8998003022452503,0.8944570379965457,0.8496444713923493,0.9203781281005403,0.9133226766618895,0.86127494212325,0.9063774666519678,0.8155109690221585,0.8836126116194465,0.9250489830835886,0.9009299886855976,0.9013163341336203,0.9015922951679223,0.9126307365400006,0.8866839214678583,0.02943044101948072,31,1.0,1.0,1.0,1.0,1.0,1.0,1.0,1.0,1.0,1.0,1.0,1.0,1.0,1.0,1.0,1.0,1.0,1.0,1.0,1.0,1.0,0.0
6,26.044743752479555,0.19029435210445278,0.14230333566665648,0.03106229502617784,0.45,8,1500,0.025,1,0.95,"{'colsample_bytree': 0.45, 'max_depth': 8, 'n_estimators': 1500, 'reg_alpha': 0.025, 'silent': 1, 'subsample': 0.95}",0.8927973877374784,0.907464378238342,0.8760929404145078,0.8470962867012091,0.8346826424870467,0.8813957253886011,0.905642810880829,0.8907599309153713,0.8549911806857016,0.9230239223900343,0.9209982361371404,0.8575129533678757,0.9091886230845552,0.8222908168889869,0.8845496637636424,0.9164389988133677,0.9011783536164694,0.9025029665811188,0.8940447608797638,0.9096503573695395,0.8866061296178512,0.028456938425646852,32,1.0,1.0,1.0,1.0,1.0,1.0,1.0,1.0,1.0,1.0,1.0,1.0,1.0,1.0,1.0,1.0,1.0,1.0,1.0,1.0,1.0,0.0
53,38.64220370054245,2.282406009191776,0.15548986196517944,0.05689560743274503,0.5,10,1500,0.035,1,0.95,"{'colsample_bytree': 0.5, 'max_depth': 10, 'n_estimators': 1500, 'reg_alpha': 0.035, 'silent': 1, 'subsample': 0.95}",0.8834601683937824,0.9046713082901555,0.8737721286701209,0.8512926381692573,0.8432642487046632,0.8832307858376511,0.9020941278065631,0.8928378670120898,0.8555423878293462,0.9224175945320252,0.9210120163157315,0.8523040458604344,0.9009756366442508,0.8137333259839047,0.8878706868041009,0.9202196649833044,0.8989844633937688,0.898598117945746,0.9116648729199437,0.9118304495405248,0.8864786857346703,0.02892419681447145,33,1.0,1.0,1.0,1.0,1.0,1.0,1.0,1.0,1.0,1.0,1.0,1.0,1.0,1.0,1.0,1.0,1.0,1.0,1.0,1.0,1.0,0.0
48,26.276256966590882,1.2628540251821978,0.1004215955734253,0.024421257805218925,0.5,10,1000,0.025,1,0.95,"{'colsample_bytree': 0.5, 'max_depth': 10, 'n_estimators': 1000, 'reg_alpha': 0.025, 'silent': 1, 'subsample': 0.95}",0.8857944732297064,0.9017298143350605,0.8743928108808291,0.8579177461139896,0.8370034542314334,0.8919473229706392,0.9035513816925734,0.8857135146804836,0.853227317826039,0.9218112666740161,0.9166023591665747,0.8485696174622422,0.905192371293132,0.8233656708190938,0.8876639841252343,0.9160940475204901,0.8968457653779286,0.8948588459309545,0.909457184645528,0.914107128073516,0.8862830143838185,0.02769709445636564,34,1.0,1.0,1.0,1.0,1.0,1.0,1.0,1.0,1.0,1.0,1.0,1.0,1.0,1.0,1.0,1.0,1.0,1.0,1.0,1.0,1.0,0.0
41,22.31911633014679,0.15696878945639775,0.07955859899520874,0.007795223632482378,0.5,9,1000,0.035,1,0.95,"{'colsample_bytree': 0.5, 'max_depth': 9, 'n_estimators': 1000, 'reg_alpha': 0.035, 'silent': 1, 'subsample': 0.95}",0.8886280224525043,0.9028227547495683,0.8721529576856649,0.8628022452504318,0.8383257772020726,0.8890867875647668,0.9020131692573403,0.8888708981001727,0.8509811487156874,0.9219766288171095,0.9178563554183662,0.8534615808620879,0.9043931209348474,0.8212848638518355,0.8900892955572705,0.9226205259817314,0.9008885945304523,0.8891740486243342,0.9017854678919337,0.9060076717167536,0.8862528825504239,0.027316687324272466,35,1.0,1.0,1.0,1.0,1.0,1.0,1.0,1.0,1.0,1.0,1.0,1.0,1.0,1.0,1.0,1.0,1.0,1.0,1.0,1.0,1.0,0.0
5,17.987255024909974,0.3022626564213585,0.08339400291442871,0.01611624733670076,0.45,8,1000,0.035,1,0.95,"{'colsample_bytree': 0.45, 'max_depth': 8, 'n_estimators': 1000, 'reg_alpha': 0.035, 'silent': 1, 'subsample': 0.95}",0.9008257772020726,0.9055348661485318,0.8754452720207254,0.8629101899827288,0.8197322970639033,0.8914885578583764,0.9080580742659758,0.8879128886010362,0.8425476794179252,0.921921508102745,0.9112280895160402,0.8543159519347371,0.9019540293242201,0.8297045529710065,0.8864651085878072,0.920881971465629,0.8984739354803102,0.9014819107542016,0.8893672213483457,0.9136517923669177,0.8861871160615373,0.02897348241720172,36,1.0,1.0,1.0,1.0,1.0,1.0,1.0,1.0,1.0,1.0,1.0,1.0,1.0,1.0,1.0,1.0,1.0,1.0,1.0,1.0,1.0,0.0
63,14.137423396110535,1.236189706158907,0.045174670219421384,0.008209027782723562,0.55,9,500,0.025,1,0.95,"{'colsample_bytree': 0.55, 'max_depth': 9, 'n_estimators': 500, 'reg_alpha': 0.025, 'silent': 1, 'subsample': 0.95}",0.8961031951640759,0.9045498704663213,0.8790479274611398,0.8645023747841105,0.826397884283247,0.8896804835924007,0.9002320811744388,0.8896534974093264,0.8542332708631903,0.9213978613162827,0.91963399845662,0.8387443501267776,0.9057160180795943,0.824964171535663,0.8915499944879286,0.9106162209895963,0.9009851808924579,0.8949968264481055,0.8973700913431024,0.909595165162679,0.8859911135857809,0.028379775357572454,37,1.0,1.0,1.0,1.0,1.0,1.0,1.0,1.0,1.0,1.0,1.0,1.0,1.0,1.0,1.0,1.0,1.0,1.0,1.0,1.0,1.0,0.0
37,11.556131517887115,0.036500992562655016,0.03999010324478149,0.00039320292671625326,0.5,9,500,0.03,1,0.95,"{'colsample_bytree': 0.5, 'max_depth': 9, 'n_estimators': 500, 'reg_alpha': 0.03, 'silent': 1, 'subsample': 0.95}",0.8933506044905009,0.9028767271157168,0.8826640759930915,0.8557048791018996,0.8422927461139896,0.8883041882556131,0.9104868307426598,0.8775906735751294,0.8512016315731452,0.9255594752507993,0.8998732223569618,0.8538474258626393,0.8922390034174843,0.842024032631463,0.8747381766067688,0.917073709192262,0.9015371029610619,0.90407594447664,0.9002952783067031,0.9031376769600132,0.8859356936883253,0.024481854027762324,38,1.0,1.0,1.0,1.0,1.0,1.0,1.0,1.0,1.0,1.0,1.0,1.0,1.0,1.0,1.0,1.0,1.0,1.0,1.0,1.0,1.0,0.0
73,13.864719653129578,0.30271687093523003,0.04401423931121826,0.001327131391127203,0.55,10,500,0.03,1,0.95,"{'colsample_bytree': 0.55, 'max_depth': 10, 'n_estimators': 500, 'reg_alpha': 0.03, 'silent': 1, 'subsample': 0.95}",0.8905980138169258,0.902498920552677,0.8685233160621761,0.8576613773747842,0.8353572970639034,0.8883311744386875,0.8977493523316062,0.8971556563039723,0.8558868922941242,0.9163267555947525,0.9199096020284422,0.852634770146621,0.8922803439532576,0.8259425642156323,0.8753996251791423,0.9167701520545299,0.9053867593895742,0.9013439302370505,0.9027513315119906,0.9161630377790656,0.8859236345195846,0.027230756056660803,39,1.0,1.0,1.0,1.0,1.0,1.0,1.0,1.0,1.0,1.0,1.0,1.0,1.0,1.0,1.0,1.0,1.0,1.0,1.0,1.0,1.0,0.0
32,20.067032992839813,0.10988695441866647,0.07164222002029419,0.0030435539659006577,0.5,8,1000,0.035,1,0.95,"{'colsample_bytree': 0.5, 'max_depth': 8, 'n_estimators': 1000, 'reg_alpha': 0.035, 'silent': 1, 'subsample': 0.95}",0.8925949913644213,0.906546848013817,0.8764707469775475,0.8517918825561313,0.8373812607944732,0.8908948618307426,0.900569408462867,0.8858754317789291,0.8548120383640172,0.9189587697056555,0.9132124352331606,0.8476325653180465,0.9054679748649543,0.8181705434902437,0.8807463344724948,0.9244970610149847,0.9010403730993184,0.9027237354085603,0.9017854678919337,0.9069735353368105,0.885897997747416,0.028531992636751047,40,1.0,1.0,1.0,1.0,1.0,1.0,1.0,1.0,1.0,1.0,1.0,1.0,1.0,1.0,1.0,1.0,1.0,1.0,1.0,1.0,1.0,0.0
26,30.337783658504485,0.18749566969070144,0.13928933143615724,0.03754260806456819,0.45,10,1500,0.035,1,0.95,"{'colsample_bytree': 0.45, 'max_depth': 10, 'n_estimators': 1500, 'reg_alpha': 0.035, 'silent': 1, 'subsample': 0.95}",0.8977358592400692,0.9050895941278065,0.8690495466321244,0.8489448402417962,0.8307021804835923,0.8885875431778929,0.9006098877374783,0.8937284110535406,0.8507331055010473,0.9209844559585492,0.9145628927350898,0.856727483188182,0.9076590232609415,0.8100540183000772,0.8857347591224782,0.9232966305157713,0.9021028230813809,0.898308358859729,0.9001572977895522,0.9119684300576758,0.8858271582038967,0.030457924778311975,41,1.0,1.0,1.0,1.0,1.0,1.0,1.0,1.0,1.0,1.0,1.0,1.0,1.0,1.0,1.0,1.0,1.0,1.0,1.0,1.0,1.0,0.0
77,28.30067709684372,1.5376422660487759,0.08704098463058471,0.010521940358702611,0.55,10,1000,0.035,1,0.95,"{'colsample_bytree': 0.55, 'max_depth': 10, 'n_estimators': 1000, 'reg_alpha': 0.035, 'silent': 1, 'subsample': 0.95}",0.8882367227979275,0.9151554404145078,0.8725442573402418,0.8628832037996546,0.8383527633851467,0.8848499568221071,0.8935260146804835,0.8803297711571675,0.8551703230073862,0.919275713813251,0.9182559805975086,0.8499889758571271,0.9060605225443723,0.8187079704552971,0.8855693969793847,0.9133206391257556,0.9051245964069873,0.8954383641029887,0.9059800756133234,0.9078014184397163,0.8858194939234842,0.02768684925610796,42,1.0,1.0,1.0,1.0,1.0,1.0,1.0,1.0,1.0,1.0,1.0,1.0,1.0,1.0,1.0,1.0,1.0,1.0,1.0,1.0,1.0,0.0
49,24.449519741535187,0.433275186445658,0.10096952915191651,0.02552385467526922,0.5,10,1000,0.03,1,0.95,"{'colsample_bytree': 0.5, 'max_depth': 10, 'n_estimators': 1000, 'reg_alpha': 0.03, 'silent': 1, 'subsample': 0.95}",0.8839863989637305,0.9083144430051814,0.8694003670120898,0.8426975388601036,0.8473661485319518,0.8835950993091538,0.9000431778929189,0.8891137737478412,0.8557215301510308,0.9245948627494213,0.9225553963179364,0.8492861867489803,0.9045447028993496,0.8147530591996472,0.8790375923271966,0.9240555233601017,0.8959902861715927,0.9035792146148964,0.9010127769958882,0.9113613157822116,0.8855402070464238,0.029696071613040345,43,1.0,1.0,1.0,1.0,1.0,1.0,1.0,1.0,1.0,1.0,1.0,1.0,1.0,1.0,1.0,1.0,1.0,1.0,1.0,1.0,1.0,0.0
40,22.304530143737793,0.14628962995377912,0.07959134578704834,0.007604729931936702,0.5,9,1000,0.03,1,0.95,"{'colsample_bytree': 0.5, 'max_depth': 9, 'n_estimators': 1000, 'reg_alpha': 0.03, 'silent': 1, 'subsample': 0.95}",0.896103195164076,0.9037402849740932,0.8841483160621763,0.8519537996545767,0.8415911053540587,0.884431670984456,0.9068841753022452,0.8815711355785838,0.8512705324661007,0.9201025245287179,0.9042553191489361,0.8500440965714915,0.8955324661007606,0.8308069672582956,0.8793131958990188,0.9203024532935951,0.8992742224797858,0.9011783536164694,0.9027789276154207,0.9019234484090846,0.8853523064314224,0.02578430590097715,44,1.0,1.0,1.0,1.0,1.0,1.0,1.0,1.0,1.0,1.0,1.0,1.0,1.0,1.0,1.0,1.0,1.0,1.0,1.0,1.0,1.0,0.0
55,12.017455875873566,0.7320308119765601,0.03969715833663941,0.005750420075087834,0.55,8,500,0.03,1,0.95,"{'colsample_bytree': 0.55, 'max_depth': 8, 'n_estimators': 500, 'reg_alpha': 0.03, 'silent': 1, 'subsample': 0.95}",0.8899773316062176,0.9049546632124351,0.8771049222797928,0.8601036269430052,0.8269645941278065,0.8885740500863557,0.9041720639032814,0.8905170552677029,0.8632730680189615,0.9139014441627163,0.9134604784478007,0.8481975526402822,0.9014992834307133,0.8294840701135486,0.884508323227869,0.9179291883985982,0.8946656732069431,0.9035930126666114,0.8914645252090405,0.9020614289262355,0.8853127913044861,0.02604406368927755,45,1.0,1.0,1.0,1.0,1.0,1.0,1.0,1.0,1.0,1.0,1.0,1.0,1.0,1.0,1.0,1.0,1.0,1.0,1.0,1.0,1.0,0.0
31,20.071624195575716,0.1771928967041722,0.07161530256271362,0.0017241696923136391,0.5,8,1000,0.03,1,0.95,"{'colsample_bytree': 0.5, 'max_depth': 8, 'n_estimators': 1000, 'reg_alpha': 0.03, 'silent': 1, 'subsample': 0.95}",0.8851737910189983,0.9077207469775476,0.8725442573402418,0.8544500215889465,0.8391218696027635,0.8803972366148534,0.8960222366148531,0.8830958549222798,0.8454690772792416,0.9230790431043986,0.9131573145187961,0.8515461360379231,0.9040623966486605,0.8269209568956014,0.8861619446588027,0.926953114220272,0.9063802191130612,0.8960040842233077,0.9000469133758313,0.9071115158539614,0.8852603290323973,0.027900523880907028,46,1.0,1.0,1.0,1.0,1.0,1.0,1.0,1.0,1.0,1.0,1.0,1.0,1.0,1.0,1.0,1.0,1.0,1.0,1.0,1.0,1.0,0.0
80,35.14829723834991,2.8733829964264532,0.12215290069580079,0.029221329580849723,0.55,10,1500,0.035,1,0.95,"{'colsample_bytree': 0.55, 'max_depth': 10, 'n_estimators': 1500, 'reg_alpha': 0.035, 'silent': 1, 'subsample': 0.95}",0.8870628238341969,0.9150474956822108,0.8723418609671848,0.8601306131260794,0.8378265328151986,0.8833927029360968,0.892756908462867,0.8788050518134716,0.8563278580090398,0.91938595524198,0.9195788777422556,0.8479632896042334,0.9063499062947855,0.8133612611619447,0.887030095910043,0.9147832326075559,0.9030824847531528,0.8956453348787152,0.9065595937853574,0.9076634379225654,0.8852452356087571,0.028705304176068,47,1.0,1.0,1.0,1.0,1.0,1.0,1.0,1.0,1.0,1.0,1.0,1.0,1.0,1.0,1.0,1.0,1.0,1.0,1.0,1.0,1.0,0.0
30,20.04273588657379,0.20088690807083567,0.07058638334274292,0.0015908259535956607,0.5,8,1000,0.025,1,0.95,"{'colsample_bytree': 0.5, 'max_depth': 8, 'n_estimators': 1000, 'reg_alpha': 0.025, 'silent': 1, 'subsample': 0.95}",0.8866040587219344,0.9024719343696028,0.8738395941278065,0.8561906303972365,0.8319570379965457,0.8896939766839379,0.8983295552677031,0.8821243523316064,0.8573200308676,0.9193583948847976,0.9164094366662993,0.8463785690662551,0.8993495755704993,0.8242751626061073,0.8803329291147614,0.9217098545685349,0.900005519220686,0.9017440737367884,0.9012059497198996,0.9148936170212766,0.8851990932847092,0.027956449625727717,48,1.0,1.0,1.0,1.0,1.0,1.0,1.0,1.0,1.0,1.0,1.0,1.0,1.0,1.0,1.0,1.0,1.0,1.0,1.0,1.0,1.0,0.0
75,25.788127529621125,0.3563984691687785,0.08983805179595947,0.013420854077722,0.55,10,1000,0.025,1,0.95,"{'colsample_bytree': 0.55, 'max_depth': 10, 'n_estimators': 1000, 'reg_alpha': 0.025, 'silent': 1, 'subsample': 0.95}",0.8834601683937824,0.9023639896373057,0.8679026338514682,0.851764896373057,0.8353033246977548,0.8838514680483592,0.8971961355785838,0.8944030656303973,0.8633144085547348,0.9161889538088415,0.9206123911365891,0.855514827472164,0.9034009480762871,0.8143396538419138,0.885100870907287,0.9166597676408091,0.9003642685652786,0.8981979744460082,0.9030548886497227,0.9101608852829981,0.8851475419192807,0.028010669315117104,49,1.0,1.0,1.0,1.0,1.0,1.0,1.0,1.0,1.0,1.0,1.0,1.0,1.0,1.0,1.0,1.0,1.0,1.0,1.0,1.0,1.0,0.0
8,26.12627229690552,0.08845598047215528,0.12001001834869385,0.019161914389377685,0.45,8,1500,0.035,1,0.95,"{'colsample_bytree': 0.45, 'max_depth': 8, 'n_estimators': 1500, 'reg_alpha': 0.035, 'silent': 1, 'subsample': 0.95}",0.8978438039723661,0.9072889680483592,0.8732593911917098,0.8602655440414508,0.8229301597582038,0.8887224740932643,0.9071405440414508,0.8865770725388602,0.8426579208466541,0.9221971116745673,0.9126336677323338,0.8516977180024253,0.9009067357512953,0.8225939808179914,0.8872230184103186,0.9202748571901648,0.8963076413610399,0.8985291276871705,0.8914231310538953,0.9121754008334023,0.8851244735487389,0.029417609213927946,50,1.0,1.0,1.0,1.0,1.0,1.0,1.0,1.0,1.0,1.0,1.0,1.0,1.0,1.0,1.0,1.0,1.0,1.0,1.0,1.0,1.0,0.0
56,12.727750086784363,0.7173382201453126,0.04761726856231689,0.019822497664390443,0.55,8,500,0.035,1,0.95,"{'colsample_bytree': 0.55, 'max_depth': 8, 'n_estimators': 500, 'reg_alpha': 0.035, 'silent': 1, 'subsample': 0.95}",0.9019052245250432,0.9085438255613126,0.8766461571675302,0.8565954231433507,0.8207307858376511,0.8942681347150259,0.8970477115716752,0.8867929620034541,0.8484180354977401,0.9195788777422556,0.9163818763091169,0.8397916436997024,0.9053577334362254,0.8430575460257965,0.8739389262484842,0.9141209261252311,0.90832574440489,0.8999365289621106,0.8859729006264315,0.9029996964428624,0.8850129710679087,0.028180051916864353,51,1.0,1.0,1.0,1.0,1.0,1.0,1.0,1.0,1.0,1.0,1.0,1.0,1.0,1.0,1.0,1.0,1.0,1.0,1.0,1.0,1.0,0.0
36,11.58655663728714,0.08914306413619204,0.03993051052093506,0.0003817923723643957,0.5,9,500,0.025,1,0.95,"{'colsample_bytree': 0.5, 'max_depth': 9, 'n_estimators': 500, 'reg_alpha': 0.025, 'silent': 1, 'subsample': 0.95}",0.8866040587219344,0.8990716753022453,0.8730569948186528,0.8551381692573402,0.8296362262521589,0.8880613126079447,0.8972905872193437,0.8851737910189982,0.8553356851504795,0.921563223459376,0.924925587035608,0.8560522544372176,0.8992668944989527,0.8327361922610517,0.8840397971557712,0.9088224742666335,0.9037447912354776,0.9053729613378592,0.8884841460385794,0.9060490658718989,0.8850119246539382,0.026301384861579152,52,1.0,1.0,1.0,1.0,1.0,1.0,1.0,1.0,1.0,1.0,1.0,1.0,1.0,1.0,1.0,1.0,1.0,1.0,1.0,1.0,1.0,0.0
66,27.570529890060424,1.076731164179212,0.09664313793182373,0.024216943893599387,0.55,9,1000,0.025,1,0.95,"{'colsample_bytree': 0.55, 'max_depth': 9, 'n_estimators': 1000, 'reg_alpha': 0.025, 'silent': 1, 'subsample': 0.95}",0.8893971286701209,0.906654792746114,0.8735427461139896,0.8554620034542315,0.8307831390328152,0.8855246113989637,0.9021211139896373,0.8869548791018999,0.8516425972880609,0.9221695513173851,0.9233822070334031,0.8395573806636535,0.9063774666519678,0.8119281225884687,0.8939477455627826,0.9154179429864503,0.901840660098794,0.8928305323288352,0.9012611419267599,0.9093468002318073,0.8849982605497397,0.030630790063010383,53,1.0,1.0,1.0,1.0,1.0,1.0,1.0,1.0,1.0,1.0,1.0,1.0,1.0,1.0,1.0,1.0,1.0,1.0,1.0,1.0,1.0,0.0
51,35.56300337314606,1.093900427066071,0.14653536081314086,0.0328861006343614,0.5,10,1500,0.025,1,0.95,"{'colsample_bytree': 0.5, 'max_depth': 10, 'n_estimators': 1500, 'reg_alpha': 0.025, 'silent': 1, 'subsample': 0.95}",0.883230785837651,0.9024719343696027,0.8721529576856649,0.8551381692573403,0.8354517487046631,0.8897209628670121,0.9001511226252159,0.8842427677029362,0.853819865505457,0.9218663873883806,0.9177598941682285,0.8460891853158418,0.9054128541505898,0.8177709183111013,0.8854315951934737,0.9163424124513619,0.8968457653779286,0.8924165907773822,0.909015646990645,0.9147004442972653,0.8849917264812261,0.028777678395470643,54,1.0,1.0,1.0,1.0,1.0,1.0,1.0,1.0,1.0,1.0,1.0,1.0,1.0,1.0,1.0,1.0,1.0,1.0,1.0,1.0,1.0,0.0
64,12.972062766551971,0.4124590245977588,0.043072056770324704,0.005156764157887218,0.55,9,500,0.03,1,0.95,"{'colsample_bytree': 0.55, 'max_depth': 9, 'n_estimators': 500, 'reg_alpha': 0.03, 'silent': 1, 'subsample': 0.95}",0.8840133851468048,0.9053054835924007,0.872868091537133,0.8609671848013817,0.829042530224525,0.8874136442141625,0.9024719343696028,0.8875485751295337,0.8427957226325653,0.9221006504244296,0.9216183441737406,0.8516701576452431,0.8981782603902546,0.8318267004740382,0.8843291809061845,0.9086293015426221,0.8987498965146121,0.9026961393051302,0.8977564367911252,0.909457184645528,0.8849632376685459,0.02740425749426647,55,1.0,1.0,1.0,1.0,1.0,1.0,1.0,1.0,1.0,1.0,1.0,1.0,1.0,1.0,1.0,1.0,1.0,1.0,1.0,1.0,1.0,0.0
65,14.976076745986939,0.49701249134656805,0.04755213260650635,0.012016858785222757,0.55,9,500,0.035,1,0.95,"{'colsample_bytree': 0.55, 'max_depth': 9, 'n_estimators': 500, 'reg_alpha': 0.035, 'silent': 1, 'subsample': 0.95}",0.886064335060449,0.8966968911917098,0.8752428756476683,0.8522776338514679,0.8353033246977547,0.8878184369602763,0.9095423143350604,0.883824481865285,0.8501818983574028,0.91938595524198,0.9147833755925476,0.8483629147833754,0.9017197662881711,0.8355060081578657,0.8781005401830008,0.9108369898170379,0.9002676822032729,0.9043519055109419,0.8976736484808345,0.9087672820597732,0.8848262795556168,0.026255075083420842,56,1.0,1.0,1.0,1.0,1.0,1.0,1.0,1.0,1.0,1.0,1.0,1.0,1.0,1.0,1.0,1.0,1.0,1.0,1.0,1.0,1.0,0.0
35,29.517036139965057,0.21879863035243163,0.1286933660507202,0.037409529358164134,0.5,8,1500,0.035,1,0.95,"{'colsample_bytree': 0.5, 'max_depth': 8, 'n_estimators': 1500, 'reg_alpha': 0.035, 'silent': 1, 'subsample': 0.95}",0.8917314335060449,0.9074373920552676,0.8731784326424871,0.8508608592400689,0.8365986614853195,0.888398639896373,0.8976683937823834,0.8846745466321243,0.8552943446147061,0.9158306691654723,0.9151692205930989,0.8456619997795171,0.9056195568294565,0.815331826700474,0.879685260720979,0.9253525402213209,0.9004884510307145,0.900143499737837,0.9029996964428623,0.9044622899246626,0.8848197790678044,0.028952553178435946,57,1.0,1.0,1.0,1.0,1.0,1.0,1.0,1.0,1.0,1.0,1.0,1.0,1.0,1.0,1.0,1.0,1.0,1.0,1.0,1.0,1.0,0.0
44,34.8264937877655,2.1744972964438674,0.1374839425086975,0.03820316067633741,0.5,9,1500,0.035,1,0.95,"{'colsample_bytree': 0.5, 'max_depth': 9, 'n_estimators': 1500, 'reg_alpha': 0.035, 'silent': 1, 'subsample': 0.95}",0.8866040587219343,0.9016218696027635,0.8696567357512953,0.8598607512953367,0.8376376295336787,0.8886280224525044,0.8974525043177893,0.8858214594127807,0.8499614154999449,0.9226105170323007,0.9168917429169883,0.8535718222908169,0.9045584830779407,0.8181429831330613,0.8902270973431815,0.921571874051384,0.8987912906697575,0.8864972265916053,0.9010679692027486,0.9050142119932665,0.8848009324302248,0.02763323386939989,58,1.0,1.0,1.0,1.0,1.0,1.0,1.0,1.0,1.0,1.0,1.0,1.0,1.0,1.0,1.0,1.0,1.0,1.0,1.0,1.0,1.0,0.0
4,17.77172108888626,0.13550975494923845,0.0862529993057251,0.016678609642654062,0.45,8,1000,0.03,1,0.95,"{'colsample_bytree': 0.45, 'max_depth': 8, 'n_estimators': 1000, 'reg_alpha': 0.03, 'silent': 1, 'subsample': 0.95}",0.8963190846286702,0.9028227547495682,0.877536701208981,0.8551381692573402,0.8167368307426598,0.8849848877374784,0.9022155656303973,0.8870358376511227,0.8593732774776761,0.9197993605997133,0.9175669716679529,0.8478392679969132,0.9002452871789218,0.8228144636754492,0.8807187741153126,0.9157215001241825,0.9030962828048679,0.8953003835858377,0.8921682258465105,0.9182051494329001,0.8847724138390963,0.029421448754206863,59,1.0,1.0,1.0,1.0,1.0,1.0,1.0,1.0,1.0,1.0,1.0,1.0,1.0,1.0,1.0,1.0,1.0,1.0,1.0,1.0,1.0,0.0
52,35.21757955551148,1.1078676715337774,0.13621242046356202,0.027596620968144383,0.5,10,1500,0.03,1,0.95,"{'colsample_bytree': 0.5, 'max_depth': 10, 'n_estimators': 1500, 'reg_alpha': 0.03, 'silent': 1, 'subsample': 0.95}",0.8818544905008635,0.907869170984456,0.8679970854922279,0.8401608376511226,0.8442762305699482,0.8815576424870465,0.90036701208981,0.8896804835924007,0.8556939697938485,0.9236302502480432,0.9228585602469409,0.8482940138904201,0.9042553191489362,0.811597398302282,0.8787619887553744,0.9235863896017882,0.8960040842233077,0.9025995529431244,0.9019510445125148,0.9119132378508155,0.8847346630926737,0.030511514976487096,60,1.0,1.0,1.0,1.0,1.0,1.0,1.0,1.0,1.0,1.0,1.0,1.0,1.0,1.0,1.0,1.0,1.0,1.0,1.0,1.0,1.0,0.0
76,26.70391972064972,1.2212480184779773,0.10146434307098388,0.02553674028406569,0.55,10,1000,0.03,1,0.95,"{'colsample_bytree': 0.55, 'max_depth': 10, 'n_estimators': 1000, 'reg_alpha': 0.03, 'silent': 1, 'subsample': 0.95}",0.8884661053540588,0.9020941278065631,0.8690360535405872,0.8505100388601036,0.8373677677029362,0.8844181778929189,0.8970746977547497,0.8870898100172713,0.854674236578106,0.9174291698820417,0.9190001102414287,0.851160291037372,0.8980680189615258,0.8134715025906737,0.8775493330393562,0.9184535143637719,0.9062146424924801,0.898308358859729,0.9058972873030329,0.9174876507437151,0.8846772909936232,0.02916967589180775,61,1.0,1.0,1.0,1.0,1.0,1.0,1.0,1.0,1.0,1.0,1.0,1.0,1.0,1.0,1.0,1.0,1.0,1.0,1.0,1.0,1.0,0.0
34,29.498870396614073,0.2184601309134988,0.12486885786056519,0.020727105725159536,0.5,8,1500,0.03,1,0.95,"{'colsample_bytree': 0.5, 'max_depth': 8, 'n_estimators': 1500, 'reg_alpha': 0.03, 'silent': 1, 'subsample': 0.95}",0.8837840025906736,0.9060341105354058,0.8706687176165803,0.8498218911917099,0.8408624784110535,0.8770779360967185,0.8951181994818653,0.8813417530224527,0.8460616249586593,0.9210946973872781,0.9144802116635432,0.8509398081799141,0.9057297982581854,0.8258461029654944,0.8883254326976078,0.9261942213759418,0.9063112288544858,0.8930237050528466,0.900405662720424,0.9093743963352374,0.884613538851248,0.028145920619079022,62,1.0,1.0,1.0,1.0,1.0,1.0,1.0,1.0,1.0,1.0,1.0,1.0,1.0,1.0,1.0,1.0,1.0,1.0,1.0,1.0,1.0,0.0
54,12.914541137218475,0.6256770422945888,0.04868283271789551,0.019199218347446947,0.55,8,500,0.025,1,0.95,"{'colsample_bytree': 0.55, 'max_depth': 8, 'n_estimators': 500, 'reg_alpha': 0.025, 'silent': 1, 'subsample': 0.95}",0.8954825129533678,0.9126187392055267,0.8799384715025906,0.8482566925734025,0.8341699050086355,0.8856325561312608,0.8993415371329879,0.8906519861830742,0.8565483408664977,0.921315180244736,0.9149211773784589,0.8337697056553852,0.900396869143424,0.831440855473487,0.8814353434020505,0.9092916080249469,0.8961006705853134,0.9072494963711124,0.8901813063995364,0.9013715263404807,0.8844989109067289,0.02769142097341817,63,1.0,1.0,1.0,1.0,1.0,1.0,1.0,1.0,1.0,1.0,1.0,1.0,1.0,1.0,1.0,1.0,1.0,1.0,1.0,1.0,1.0,0.0
7,26.09565542936325,0.12081551645140827,0.1286376714706421,0.02807216019666171,0.45,8,1500,0.03,1,0.95,"{'colsample_bytree': 0.45, 'max_depth': 8, 'n_estimators': 1500, 'reg_alpha': 0.03, 'silent': 1, 'subsample': 0.95}",0.8942816278065631,0.9027957685664939,0.8784812176165804,0.8545714594127808,0.8218507124352331,0.8823942141623488,0.9001376295336788,0.8862532383419689,0.8590563333700806,0.9213427406019181,0.9177323338110462,0.8463785690662551,0.8999421232499173,0.8209541395656487,0.8826204387608864,0.9136241962634877,0.9036344068217569,0.8943897121726413,0.8932030797251428,0.9145624637801143,0.8844010497318546,0.028874006317441175,64,1.0,1.0,1.0,1.0,1.0,1.0,1.0,1.0,1.0,1.0,1.0,1.0,1.0,1.0,1.0,1.0,1.0,1.0,1.0,1.0,1.0,0.0
59,22.067847979068755,0.9398071455374178,0.07663557529449463,0.00851345879337197,0.55,8,1000,0.035,1,0.95,"{'colsample_bytree': 0.55, 'max_depth': 8, 'n_estimators': 1000, 'reg_alpha': 0.035, 'silent': 1, 'subsample': 0.95}",0.8948618307426597,0.9119980569948187,0.8733538428324698,0.8496869602763386,0.8241175518134716,0.8869953583765112,0.8971016839378239,0.890004317789292,0.849479109249256,0.9160511520229302,0.9192757138132509,0.8432091279902988,0.9066806305809724,0.8268933965384191,0.8745314739279021,0.9175980351574358,0.9071391119573916,0.8955349504649943,0.8948312498275244,0.9066423820956481,0.8842903531573088,0.029507986025326616,65,1.0,1.0,1.0,1.0,1.0,1.0,1.0,1.0,1.0,1.0,1.0,1.0,1.0,1.0,1.0,1.0,1.0,1.0,1.0,1.0,1.0,0.0
43,31.986352491378785,0.15655568946069742,0.11845580339431763,0.00991907397824809,0.5,9,1500,0.03,1,0.95,"{'colsample_bytree': 0.5, 'max_depth': 9, 'n_estimators': 1500, 'reg_alpha': 0.03, 'silent': 1, 'subsample': 0.95}",0.8926759499136441,0.9033489853195164,0.8814766839378239,0.8496734671848013,0.8408354922279794,0.8825561312607945,0.9032815198618306,0.8781034110535406,0.851174071215963,0.9194686363135267,0.9092161834417375,0.8490657038915224,0.8965108587807299,0.8253913570719875,0.8820967919744239,0.9171840936059829,0.899426001048652,0.8979220134117063,0.9026133509948395,0.9021994094433866,0.8842024585523346,0.026365157413978022,66,1.0,1.0,1.0,1.0,1.0,1.0,1.0,1.0,1.0,1.0,1.0,1.0,1.0,1.0,1.0,1.0,1.0,1.0,1.0,1.0,1.0,0.0
33,29.337704253196716,0.21529597878633988,0.1279633641242981,0.02320722730544441,0.5,8,1500,0.025,1,0.95,"{'colsample_bytree': 0.5, 'max_depth': 8, 'n_estimators': 1500, 'reg_alpha': 0.025, 'silent': 1, 'subsample': 0.95}",0.8852817357512954,0.9035378886010362,0.8737856217616581,0.8557588514680483,0.8318086139896373,0.8866445379965456,0.893269645941278,0.883325237478411,0.8572924705104178,0.9170708852386728,0.9167126005953036,0.8448765295998236,0.8990188512843127,0.8200446477786352,0.8810494984014994,0.9195573585009797,0.9006816237547258,0.8995225874106577,0.9011231614096089,0.911982228109391,0.8841067419016914,0.02801165318102461,67,1.0,1.0,1.0,1.0,1.0,1.0,1.0,1.0,1.0,1.0,1.0,1.0,1.0,1.0,1.0,1.0,1.0,1.0,1.0,1.0,1.0,0.0
78,37.32792626619339,1.8659917918595372,0.12810426950454712,0.02979270319347565,0.55,10,1500,0.025,1,0.95,"{'colsample_bytree': 0.55, 'max_depth': 10, 'n_estimators': 1500, 'reg_alpha': 0.025, 'silent': 1, 'subsample': 0.95}",0.8814362046632125,0.9029306994818653,0.866162025043178,0.8488368955094991,0.8348445595854922,0.8836220854922281,0.8950507340241797,0.8921901986183074,0.8632592878403704,0.9151140998787344,0.9197166795281666,0.8519871017528388,0.902904861647007,0.8110186308014551,0.8858312203726161,0.9182879377431907,0.8991914341694952,0.8963214394127549,0.9022821977536772,0.9077738223362861,0.8839276926870586,0.028607773529963118,68,1.0,1.0,1.0,1.0,1.0,1.0,1.0,1.0,1.0,1.0,1.0,1.0,1.0,1.0,1.0,1.0,1.0,1.0,1.0,1.0,1.0,0.0
68,24.6676837682724,1.1986374770748993,0.09129502773284912,0.020932132108225168,0.55,9,1000,0.035,1,0.95,"{'colsample_bytree': 0.55, 'max_depth': 9, 'n_estimators': 1000, 'reg_alpha': 0.035, 'silent': 1, 'subsample': 0.95}",0.8848499568221071,0.9012710492227979,0.8726117227979274,0.8506044905008635,0.8382178324697755,0.8854301597582037,0.9036458333333334,0.8824616796200345,0.85286903318267,0.9203505677433579,0.915665307022379,0.8453588358505125,0.8995700584279572,0.8203340315290487,0.8796990408995702,0.9127135248502911,0.9012473438750449,0.8973976874465326,0.9045174821315229,0.9098435300935508,0.8839232882501424,0.027857034380274953,69,1.0,1.0,1.0,1.0,1.0,1.0,1.0,1.0,1.0,1.0,1.0,1.0,1.0,1.0,1.0,1.0,1.0,1.0,1.0,1.0,1.0,0.0
58,22.786036241054536,1.7398381601321582,0.07709351778030396,0.014483665559340005,0.55,8,1000,0.03,1,0.95,"{'colsample_bytree': 0.55, 'max_depth': 8, 'n_estimators': 1000, 'reg_alpha': 0.03, 'silent': 1, 'subsample': 0.95}",0.8857944732297064,0.9049816493955095,0.8706282383419689,0.852574481865285,0.8353842832469776,0.8818814766839379,0.9024584412780656,0.8829069516407598,0.8585602469408005,0.9156377466651968,0.9176220923823172,0.8478668283540954,0.9007827141439753,0.8174953147392789,0.8844945430492779,0.9190882247426664,0.8950934128101111,0.8991362419626349,0.89703893810194,0.9065044015784971,0.8837872790710368,0.02771936945202821,70,1.0,1.0,1.0,1.0,1.0,1.0,1.0,1.0,1.0,1.0,1.0,1.0,1.0,1.0,1.0,1.0,1.0,1.0,1.0,1.0,1.0,0.0
39,22.25731952190399,0.13422763228735643,0.08086636066436767,0.007648253028666605,0.5,9,1000,0.025,1,0.95,"{'colsample_bytree': 0.5, 'max_depth': 9, 'n_estimators': 1000, 'reg_alpha': 0.025, 'silent': 1, 'subsample': 0.95}",0.8871033031088081,0.901581390328152,0.8711139896373057,0.8480947754749567,0.8288536269430051,0.882394214162349,0.8975334628670121,0.8822862694300518,0.8538474258626392,0.920350567743358,0.9246086429280124,0.8537923051482748,0.9023260941461801,0.823751515819645,0.8857623194796604,0.9129618897811629,0.905069404200127,0.9020062367193752,0.8911333719678781,0.9003780666169936,0.8837374436018773,0.02800916720227603,71,1.0,1.0,1.0,1.0,1.0,1.0,1.0,1.0,1.0,1.0,1.0,1.0,1.0,1.0,1.0,1.0,1.0,1.0,1.0,1.0,1.0,0.0
69,35.85427455902099,2.157146549552653,0.12784699201583863,0.01876614871398529,0.55,9,1500,0.025,1,0.95,"{'colsample_bytree': 0.55, 'max_depth': 9, 'n_estimators': 1500, 'reg_alpha': 0.025, 'silent': 1, 'subsample': 0.95}",0.8879803540587219,0.9060745898100172,0.8716672063903282,0.8505909974093263,0.8320110103626943,0.8833792098445595,0.8985319516407599,0.8847959844559585,0.8512567522875097,0.9221971116745673,0.9246224231066035,0.836980487267115,0.904834086649763,0.8070912799029877,0.8913846323448351,0.9155973176587465,0.9020476308745206,0.8918922648122085,0.9018958523056544,0.9090156469906449,0.8836827872475401,0.03147364972674361,72,1.0,1.0,1.0,1.0,1.0,1.0,1.0,1.0,1.0,1.0,1.0,1.0,1.0,1.0,1.0,1.0,1.0,1.0,1.0,1.0,1.0,0.0
67,25.032815647125243,1.4103238831760416,0.08716684579849243,0.018902130832978727,0.55,9,1000,0.03,1,0.95,"{'colsample_bytree': 0.55, 'max_depth': 9, 'n_estimators': 1000, 'reg_alpha': 0.03, 'silent': 1, 'subsample': 0.95}",0.8806401122625216,0.9056832901554405,0.8700480354058723,0.8598877374784111,0.8300275259067358,0.8818275043177892,0.898734348013817,0.8857944732297063,0.8469297762098996,0.9209431154227758,0.921315180244736,0.8476187851394553,0.9028910814684158,0.8149459816999227,0.8843980817991401,0.9135966001600574,0.9002124899964125,0.8993846068935067,0.9020338328228054,0.9045864723900985,0.8835653137659683,0.029237351617086238,73,1.0,1.0,1.0,1.0,1.0,1.0,1.0,1.0,1.0,1.0,1.0,1.0,1.0,1.0,1.0,1.0,1.0,1.0,1.0,1.0,1.0,0.0
57,24.638598024845123,1.355567772825401,0.09272061586380005,0.022493855110191197,0.55,8,1000,0.025,1,0.95,"{'colsample_bytree': 0.55, 'max_depth': 8, 'n_estimators': 1000, 'reg_alpha': 0.025, 'silent': 1, 'subsample': 0.95}",0.8907059585492227,0.9143728411053541,0.8800194300518134,0.8433856865284974,0.8377590673575129,0.8787106001727115,0.9004209844559585,0.8857674870466322,0.8516150369308786,0.9225002756035718,0.9187245066696065,0.8300628376143755,0.9004382096791974,0.8183634659905192,0.8827720207253886,0.9165493832270883,0.9008747964787372,0.8993156166349312,0.8974942738085383,0.9013163341336203,0.8835501952819892,0.030294200736611897,74,1.0,1.0,1.0,1.0,1.0,1.0,1.0,1.0,1.0,1.0,1.0,1.0,1.0,1.0,1.0,1.0,1.0,1.0,1.0,1.0,1.0,0.0
79,37.088127517700194,1.650275140021547,0.12653069496154784,0.02330021600936611,0.55,10,1500,0.03,1,0.95,"{'colsample_bytree': 0.55, 'max_depth': 10, 'n_estimators': 1500, 'reg_alpha': 0.03, 'silent': 1, 'subsample': 0.95}",0.8861587867012091,0.9016353626943004,0.8661890112262521,0.8472716968911918,0.8373542746113991,0.8840943436960276,0.8945919689119172,0.884229274611399,0.8549636203285194,0.9195237570278911,0.9204608091720868,0.8482802337118288,0.8975994928894279,0.809792194906846,0.8790513725057877,0.9177912078814472,0.9054419515964345,0.8953831718961283,0.9033584457874548,0.9161630377790655,0.8834552856648599,0.02985723011909472,75,1.0,1.0,1.0,1.0,1.0,1.0,1.0,1.0,1.0,1.0,1.0,1.0,1.0,1.0,1.0,1.0,1.0,1.0,1.0,1.0,1.0,0.0
62,35.72690608501434,2.4994409180785286,0.1483113408088684,0.04013290040461358,0.55,8,1500,0.035,1,0.95,"{'colsample_bytree': 0.55, 'max_depth': 8, 'n_estimators': 1500, 'reg_alpha': 0.035, 'silent': 1, 'subsample': 0.95}",0.8900987694300518,0.9115662780656304,0.8720045336787565,0.8482971718480138,0.8246572754749569,0.8842562607944732,0.8955364853195164,0.8854301597582038,0.8523453863962076,0.9134604784478008,0.9191103516701576,0.8425063388821519,0.9058538198655055,0.8219876529599823,0.8773288501818983,0.918053370864034,0.9045036840798079,0.8931478875182823,0.8962110549990342,0.9046830587521042,0.8830425490800314,0.02940068412514184,76,1.0,1.0,1.0,1.0,1.0,1.0,1.0,1.0,1.0,1.0,1.0,1.0,1.0,1.0,1.0,1.0,1.0,1.0,1.0,1.0,1.0,0.0
71,34.21371986865997,0.5005997002287751,0.11323381662368774,0.007475396099160549,0.55,9,1500,0.035,1,0.95,"{'colsample_bytree': 0.55, 'max_depth': 9, 'n_estimators': 1500, 'reg_alpha': 0.035, 'silent': 1, 'subsample': 0.95}",0.8838244818652851,0.9007448186528497,0.8726926813471504,0.8474875863557859,0.8365986614853196,0.8841348229706392,0.9013655008635579,0.8825291450777203,0.8525520890750744,0.9194548561349355,0.9166161393451658,0.8422858560246942,0.899900782714144,0.8162826590232609,0.8797128210781612,0.9122167949885476,0.9016750834782128,0.8948174517758094,0.903386041890885,0.9095399729558187,0.8828810893444974,0.028659180562661517,77,1.0,1.0,1.0,1.0,1.0,1.0,1.0,1.0,1.0,1.0,1.0,1.0,1.0,1.0,1.0,1.0,1.0,1.0,1.0,1.0,1.0,0.0
61,34.57717070579529,2.2811160073009384,0.1293906569480896,0.03494925279484179,0.55,8,1500,0.03,1,0.95,"{'colsample_bytree': 0.55, 'max_depth': 8, 'n_estimators': 1500, 'reg_alpha': 0.03, 'silent': 1, 'subsample': 0.95}",0.8808964810017271,0.904023639896373,0.8698726252158895,0.8496869602763385,0.8347636010362693,0.8803567573402418,0.898747841105354,0.880990932642487,0.8590701135486716,0.9172913680961305,0.917704773453864,0.8464336897806196,0.8992393341417705,0.8141880718774115,0.8850181898357403,0.9200540883627233,0.8969147556365041,0.8954383641029886,0.8975356679636836,0.9073322846814029,0.882767828049481,0.02839897351806143,78,1.0,1.0,1.0,1.0,1.0,1.0,1.0,1.0,1.0,1.0,1.0,1.0,1.0,1.0,1.0,1.0,1.0,1.0,1.0,1.0,1.0,0.0
70,35.39005446434021,1.6259942174392104,0.12139544486999512,0.01645515953690036,0.55,9,1500,0.03,1,0.95,"{'colsample_bytree': 0.55, 'max_depth': 9, 'n_estimators': 1500, 'reg_alpha': 0.03, 'silent': 1, 'subsample': 0.95}",0.8775771804835923,0.9050626079447324,0.8696567357512953,0.8576883635578584,0.8312149179620035,0.8770509499136441,0.8969802461139896,0.884026878238342,0.8498925146069892,0.9218112666740161,0.9239747547128211,0.845041891742917,0.9013614816448021,0.811004850622864,0.8867820526954029,0.9118856417473853,0.8993708088417915,0.8964456218781908,0.9021856113916715,0.9046830587521042,0.8826748999956502,0.029685062911707222,79,1.0,1.0,1.0,1.0,1.0,1.0,1.0,1.0,1.0,1.0,1.0,1.0,1.0,1.0,1.0,1.0,1.0,1.0,1.0,1.0,1.0,0.0
42,31.914545714855194,0.14903373831151365,0.11830992698669433,0.00994303346769015,0.5,9,1500,0.025,1,0.95,"{'colsample_bytree': 0.5, 'max_depth': 9, 'n_estimators': 1500, 'reg_alpha': 0.025, 'silent': 1, 'subsample': 0.95}",0.8844316709844559,0.9000026986183074,0.8698591321243524,0.8487694300518136,0.8300814982728845,0.8807615500863558,0.8942816278065631,0.8820164075993091,0.8547706978282439,0.9191241318487489,0.92396097453423,0.8504299415720427,0.904475802006394,0.8202926909932753,0.8847150259067358,0.9113337196787814,0.9038689737009133,0.8987912906697574,0.8920164472776444,0.8993570107900765,0.8826570767367884,0.027964833013105664,80,1.0,1.0,1.0,1.0,1.0,1.0,1.0,1.0,1.0,1.0,1.0,1.0,1.0,1.0,1.0,1.0,1.0,1.0,1.0,1.0,1.0,0.0
60,34.40837564468384,2.447626368230056,0.11700506210327148,0.01698036776399838,0.55,8,1500,0.025,1,0.95,"{'colsample_bytree': 0.55, 'max_depth': 8, 'n_estimators': 1500, 'reg_alpha': 0.025, 'silent': 1, 'subsample': 0.95}",0.8889113773747841,0.9132394214162348,0.876322322970639,0.8419824050086356,0.8376511226252158,0.8759849956822107,0.8970072322970639,0.8841078367875648,0.8513669937162386,0.9204470289934957,0.9178425752397751,0.8317440194024915,0.9014303825377576,0.8133337008047623,0.8817522875096461,0.915942268951624,0.9004470568755693,0.8973562932913873,0.8981289841874327,0.9032066672185888,0.8824012695014017,0.030531916694242173,81,1.0,1.0,1.0,1.0,1.0,1.0,1.0,1.0,1.0,1.0,1.0,1.0,1.0,1.0,1.0,1.0,1.0,1.0,1.0,1.0,1.0,0.0
